INSERT INTO raca (descricao) VALUES('NELORE'), ('HOLANDESA');

INSERT INTO gestacao (dtiniciogestacao, dtparto, partosucesso, procedencia) values ('2017-09-22', '2017-09-22', true, 'ANIMAL_COMPRADO');
INSERT INTO animal (descricao, dt_cadastro, indentificador, sexo, raca_id, gestacao_id) VALUES('Vaca Tropicalia', '2008-01-01', '1239', 'F', 1, 1);

INSERT INTO gestacao (dtiniciogestacao, dtparto, partosucesso, procedencia) values ('2017-09-22', '2017-09-22', true, 'ANIMAL_COMPRADO');
INSERT INTO animal (descricao, dt_cadastro, indentificador, sexo, raca_id, gestacao_id) VALUES('Boi Azulao', '2008-01-01', '1233', 'M', 1, 2);

INSERT INTO gestacao (dtiniciogestacao, dtparto, partosucesso, procedencia) values ('2017-09-22', '2017-09-22', true, 'ANIMAL_COMPRADO');
INSERT INTO animal (descricao, dt_cadastro, indentificador, sexo, raca_id, gestacao_id) VALUES('Boi To', '2008-01-01', '1234', 'M', 1, 3);

INSERT INTO gestacao (dtiniciogestacao, dtparto, partosucesso, procedencia) values ('2017-09-22', '2017-09-22', true, 'ANIMAL_COMPRADO');
INSERT INTO animal (descricao, dt_cadastro, indentificador, sexo, raca_id, gestacao_id) VALUES('Vaca Amarela', '2008-01-01', '1235', 'F', 1, 4);

INSERT INTO gestacao (dtiniciogestacao, dtparto, partosucesso, procedencia) values ('2017-09-22', '2017-09-22', true, 'ANIMAL_COMPRADO');
INSERT INTO animal (descricao, dt_cadastro, indentificador, sexo, raca_id, gestacao_id) VALUES('Vaca Lenga', '2008-01-01', '1236', 'F', 1, 5);

INSERT INTO gestacao (dtiniciogestacao, dtparto, partosucesso, procedencia) values ('2017-09-22', '2017-09-22', true, 'ANIMAL_COMPRADO');
INSERT INTO animal (descricao, dt_cadastro, indentificador, sexo, raca_id, gestacao_id) VALUES('Vaca Truta', '2008-01-01', '1237', 'F', 1, 6);

INSERT INTO gestacao (dtiniciogestacao, dtparto, partosucesso, procedencia) values ('2017-09-22', '2017-09-22', true, 'ANIMAL_COMPRADO');
INSERT INTO animal (descricao, dt_cadastro, indentificador, sexo, raca_id, gestacao_id) VALUES('Vaca Twister JR', '2008-01-01', '1240', 'F', 1, 7);

INSERT INTO gestacao (dtiniciogestacao, dtparto, partosucesso, procedencia) values ('2017-09-22', '2017-09-22', true, 'ANIMAL_COMPRADO');
INSERT INTO animal (descricao, dt_cadastro, indentificador, sexo, raca_id, gestacao_id) VALUES('Vaca Macarrão', '2008-01-01', '1241', 'F', 1, 8);

INSERT INTO gestacao (dtiniciogestacao, dtparto, partosucesso, procedencia) values ('2017-09-22', '2017-09-22', true, 'ANIMAL_COMPRADO');
INSERT INTO animal (descricao, dt_cadastro, indentificador, sexo, raca_id, gestacao_id) VALUES('Vaca Rei', '2008-01-01', '1242', 'F', 1, 9);

INSERT INTO gestacao (dtiniciogestacao, dtparto, partosucesso, procedencia) values ('2017-09-22', '2017-09-22', true, 'ANIMAL_COMPRADO');
INSERT INTO animal (descricao, dt_cadastro, indentificador, sexo, raca_id, gestacao_id) VALUES('Vaca Zefa', '2008-01-01', '1243', 'F', 1, 10);

INSERT INTO gestacao (dtiniciogestacao, dtparto, partosucesso, procedencia) values ('2016-09-22', '2017-09-22', true, 'ANIMAL_COMPRADO');
INSERT INTO animal (descricao, dt_cadastro, indentificador, sexo, raca_id, gestacao_id) VALUES('Vaca Zelda', '2008-01-01', '1244', 'F', 1, 11);

INSERT INTO gestacao (dtiniciogestacao, dtparto, partosucesso, procedencia) values ('2017-09-22', '2017-09-22', true, 'ANIMAL_COMPRADO');
INSERT INTO animal (descricao, dt_cadastro, indentificador, sexo, raca_id, gestacao_id) VALUES('Boi Link', '2008-01-01', '1245', 'M', 1, 12);

INSERT INTO gestacao (dtiniciogestacao, dtparto, partosucesso, procedencia) values ('2017-09-22', '2017-09-22', true, 'ANIMAL_COMPRADO');
INSERT INTO animal (descricao, dt_cadastro, indentificador, sexo, raca_id, gestacao_id) VALUES('Vaca Bat', '2008-01-01', '1246', 'F', 1, 13);

INSERT INTO gestacao (dtiniciogestacao, dtparto, partosucesso, procedencia) values ('2017-09-22', '2017-09-22', true, 'ANIMAL_COMPRADO');
INSERT INTO animal (descricao, dt_cadastro, indentificador, sexo, raca_id, gestacao_id) VALUES('Vaca Lisa', '2008-01-01', '1247', 'F', 1, 14);

INSERT INTO gestacao (dtiniciogestacao, dtparto, partosucesso, procedencia) values ('2017-09-22', '2017-09-22', true, 'ANIMAL_COMPRADO');
INSERT INTO animal (descricao, dt_cadastro, indentificador, sexo, raca_id, gestacao_id) VALUES('Vaca Xanaina', '2008-01-01', '1248', 'F', 1, 15);

INSERT INTO gestacao (dtiniciogestacao, dtparto, partosucesso, procedencia) values ('2017-09-22', '2017-09-22', true, 'ANIMAL_COMPRADO');
INSERT INTO animal (descricao, dt_cadastro, indentificador, sexo, raca_id, margemdiasdtnascimento, gestacao_id) VALUES('Vaca Truco', '2008-01-01', '1249', 'F', 1, '17.5', 16);

INSERT INTO gestacao (dtiniciogestacao, dtparto, partosucesso, procedencia) values ('2014-09-22', '2015-09-22', true, 'ANIMAL_COMPRADO');
INSERT INTO animal (descricao, dt_cadastro, indentificador, sexo, raca_id, gestacao_id) VALUES('Vaca magrela', '2012-01-01', '1255', 'F', 2, 17);


INSERT INTO estoque values  (20), (21), (22), (23), (24), (25), (26), (27), (28), (29), (30), (31);

INSERT INTO insumo (tipo, descricao, dt_cadastro, fornecedor, estoque_id) values('remedio', 'REMEDIO 01', '2017-01-01', 'FORNECEDOR 01', 20);
INSERT INTO insumo (tipo, descricao, dt_cadastro, fornecedor, estoque_id) values('remedio', 'REMEDIO 02', '2017-01-01', 'FORNECEDOR 01', 21);
INSERT INTO insumo (tipo, descricao, dt_cadastro, fornecedor, estoque_id) values('remedio', 'REMEDIO 03', '2017-01-04', 'FORNECEDOR 05', 22);
INSERT INTO insumo (tipo, descricao, dt_cadastro, fornecedor, estoque_id) values('remedio', 'REMEDIO 04', '2017-01-04', 'FORNECEDOR 01', 23);
INSERT INTO insumo (tipo, descricao, dt_cadastro, fornecedor, estoque_id) values('remedio', 'REMEDIO 05', '2017-01-06', 'FORNECEDOR 01', 24);
INSERT INTO insumo (tipo, descricao, dt_cadastro, fornecedor, estoque_id) values('remedio', 'REMEDIO 06', '2017-01-07', 'FORNECEDOR 02', 25);

INSERT INTO insumo (tipo, descricao, dt_cadastro, fornecedor, raca_id, estoque_id) values('semen', 'SEMEN 01', '2017-01-01', 'FORNECEDOR 01',1, 26);
INSERT INTO insumo (tipo, descricao, dt_cadastro, fornecedor, raca_id, estoque_id) values('semen', 'SEMEN 02', '2017-01-01', 'FORNECEDOR 01',1, 27);
INSERT INTO insumo (tipo, descricao, dt_cadastro, fornecedor, raca_id, estoque_id) values('semen', 'SEMEN 03', '2017-01-04', 'FORNECEDOR 05',1, 28);
INSERT INTO insumo (tipo, descricao, dt_cadastro, fornecedor, raca_id, estoque_id) values('semen', 'SEMEN 04', '2017-01-04', 'FORNECEDOR 01',1, 29);
INSERT INTO insumo (tipo, descricao, dt_cadastro, fornecedor, raca_id, estoque_id) values('semen', 'SEMEN 05', '2017-01-06', 'FORNECEDOR 01',2, 30);
INSERT INTO insumo (tipo, descricao, dt_cadastro, fornecedor, raca_id, estoque_id) values('semen', 'SEMEN 06', '2017-01-07', 'FORNECEDOR 02',1, 31);

INSERT INTO inseminacao (dtinsemincao, animal_id, semen_id, gestacao, dosagem) values ('2017-01-01', 4, 7,false, 0);
INSERT INTO inseminacao (dtinsemincao, animal_id, semen_id, gestacao, dosagem) values ('2017-01-01', 4, 8,true, 0);
INSERT INTO inseminacao (dtinsemincao, animal_id, semen_id, gestacao, dosagem) values ('2017-01-01', 5, 9,false, 0);
INSERT INTO inseminacao (dtinsemincao, animal_id, semen_id, gestacao, dosagem) values ('2017-01-01', 5, 9,false, 0);
INSERT INTO inseminacao (dtinsemincao, animal_id, semen_id, gestacao, dosagem) values ('2017-01-01', 4, 7,false, 0);
INSERT INTO inseminacao (dtinsemincao, animal_id, semen_id, gestacao, dosagem) values ('2017-01-01', 4, 7,false, 0);


INSERT INTO atualizacaoestoque (motivo, qtd, estoque_id, movimentacaotipo) values ('MOTIVO 01', 03, 20, 'ENTRADA');
INSERT INTO atualizacaoestoque (motivo, qtd, estoque_id, movimentacaotipo) values ('MOTIVO 02', 03, 20, 'ENTRADA');
INSERT INTO atualizacaoestoque (motivo, qtd, estoque_id, movimentacaotipo) values ('MOTIVO 03', 03, 20, 'BAIXA');
INSERT INTO atualizacaoestoque (motivo, qtd, estoque_id, movimentacaotipo) values ('MOTIVO 04', 03, 22, 'ENTRADA');
INSERT INTO atualizacaoestoque (motivo, qtd, estoque_id, movimentacaotipo) values ('MOTIVO 05', 03, 20, 'ENTRADA');
INSERT INTO atualizacaoestoque (motivo, qtd, estoque_id, movimentacaotipo) values ('MOTIVO 06', 03, 21, 'ENTRADA');
INSERT INTO atualizacaoestoque (motivo, qtd, estoque_id, movimentacaotipo) values ('MOTIVO 07', 03, 21, 'BAIXA');
INSERT INTO atualizacaoestoque (motivo, qtd, estoque_id, movimentacaotipo) values ('MOTIVO 08', 03, 20, 'ENTRADA');

INSERT INTO gestacao (dtiniciogestacao, dtparto, partosucesso, procedencia, animal_id, inseminacao_id) values ('2016-09-22', '2017-09-22', false, 'NASCIMENTO_INSEMINACAO', 5, 3);
INSERT INTO gestacao (dtiniciogestacao, dtparto, partosucesso, procedencia, animal_id, pai_id) values ('2016-09-22', '2017-09-22', false, 'NASCIMENTO_INSEMINACAO', 6, 1);

insert into extracao (dt_cadastro, dt_extracao_fim, dt_extracao_inicio) values ( '2017-01-01', '2017-01-02', '2017-01-01');
insert into extracao (dt_cadastro, dt_extracao_fim, dt_extracao_inicio) values ( '2017-03-01', '2017-01-02', '2017-01-02');
insert into extracao (dt_cadastro, dt_extracao_fim, dt_extracao_inicio) values ( '2017-03-01', '2017-01-03', '2017-01-03');
insert into extracao (dt_cadastro, dt_extracao_fim, dt_extracao_inicio) values ( '2017-03-01', '2017-01-04', '2017-01-04');
insert into extracao (dt_cadastro, dt_extracao_fim, dt_extracao_inicio) values ( '2017-03-01', '2017-01-05', '2017-01-05');
insert into extracao (dt_cadastro, dt_extracao_fim, dt_extracao_inicio) values ( '2017-03-01', '2017-03-02', '2017-03-01');
insert into extracao (dt_cadastro, dt_extracao_fim, dt_extracao_inicio) values ( '2017-01-01', '2017-01-02', '2017-06-01');
insert into extracao (dt_cadastro, dt_extracao_fim, dt_extracao_inicio) values ( '2017-03-01', '2016-01-02', '2016-02-02');
insert into extracao (dt_cadastro, dt_extracao_fim, dt_extracao_inicio) values ( '2017-03-01', '2016-01-03', '2016-06-03');
insert into extracao (dt_cadastro, dt_extracao_fim, dt_extracao_inicio) values ( '2017-03-01', '2016-01-04', '2016-07-04');
insert into extracao (dt_cadastro, dt_extracao_fim, dt_extracao_inicio) values ( '2017-03-01', '2016-01-05', '2016-01-05');
insert into extracao (dt_cadastro, dt_extracao_fim, dt_extracao_inicio) values ( '2017-03-01', '2016-01-05', '2016-09-05');
insert into extracao (dt_cadastro, dt_extracao_fim, dt_extracao_inicio) values ( '2017-03-01', '2016-12-05', '2016-10-05');

insert into ordenha (qtd, animal_id, extracao_id) values (035, 01, 01);
insert into ordenha (qtd, animal_id, extracao_id) values (050, 01, 02);
insert into ordenha (qtd, animal_id, extracao_id) values (040, 01, 03);
insert into ordenha (qtd, animal_id, extracao_id) values (035, 01, 04);
insert into ordenha (qtd, animal_id, extracao_id) values (045, 01, 05);
insert into ordenha (qtd, animal_id, extracao_id) values (030, 05, 06);
insert into ordenha (qtd, animal_id, extracao_id) values (060, 01, 07);
insert into ordenha (qtd, animal_id, extracao_id) values (050, 05, 09);
insert into ordenha (qtd, animal_id, extracao_id) values (050, 05, 10);
insert into ordenha (qtd, animal_id, extracao_id) values (050, 05, 11);
insert into ordenha (qtd, animal_id, extracao_id) values (050, 05, 12);


